desc,price,rating,review_count,Url
The Times Ultimate Killer Su Doku: Book 12: 200 of the deadliest Su Doku puzzles,$11.95,,,https://www.amazon.com/Times-Ultimate-Killer-Doku-Book/dp/0008342938/ref=sr_1_1?dchild=1&keywords=Killer+Formal+Shirt&qid=1613030887&sr=8-1
Wantdo Women's Winter Thicken Jacket Cotton Coat with Removable Hood,$78.97,,,https://www.amazon.com/Wantdo-Womens-Winter-Thicken-Removable/dp/B01M6BL2O8/ref=sr_1_2?dchild=1&keywords=Killer+Formal+Shirt&qid=1613030887&sr=8-2
Educated: A Memoir,$19.60,,,https://www.amazon.com/Educated-Memoir-Tara-Westover/dp/0399590501/ref=sr_1_3?dchild=1&keywords=Killer+Formal+Shirt&qid=1613030887&sr=8-3
Wantdo Men's Cotton Stand Collar Lightweight Front Zip Jacket,$55.97,,,https://www.amazon.com/Wantdo-Cotton-Collar-Lightweight-Jacket/dp/B00DJ2YJV2/ref=sr_1_4?dchild=1&keywords=Killer+Formal+Shirt&qid=1613030887&sr=8-4
Stacy Adams Men's Dickinson Cap-Toe Lace-up Oxford,$54.09,,,https://www.amazon.com/STACY-ADAMS-Dickinson-Cap-Toe/dp/B01BLC0EYW/ref=sr_1_6?dchild=1&keywords=Killer+Formal+Shirt&qid=1613030887&sr=8-6
Columbia Men's Bahama Ii Long Sleeve Shirt,$34.78,,,https://www.amazon.com/Columbia-Bahama-Sleeve-Breathable-Protection/dp/B0814Q12D7/ref=sr_1_7?dchild=1&keywords=Killer+Formal+Shirt&qid=1613030887&sr=8-7
WenVen Women's Fleece Cotton Military Parka Fur Hooded Coat Jacket,$75.99,,,https://www.amazon.com/WenVen-Womens-Trucker-Tactical-Drawstring/dp/B0742Z55ZC/ref=sr_1_8?dchild=1&keywords=Killer+Formal+Shirt&qid=1613030887&sr=8-8
Wantdo Men's Military Cotton Lightweight Casual Stand Collar Windbreaker Jacket,$56.99,,,https://www.amazon.com/Wantdo-Cotton-Collar-Windbreaker-Khaki2017/dp/B072L7ZCFC/ref=sr_1_9?dchild=1&keywords=Killer+Formal+Shirt&qid=1613030887&sr=8-9
Alex Vando Mens Dress Shirts Regular Fit Long Sleeve Men Shirt,$23.99,,,https://www.amazon.com/Alex-Vando-Shirts-Sleeve-Regular/dp/B07898JKKR/ref=sr_1_11?dchild=1&keywords=Killer+Formal+Shirt&qid=1613030887&sr=8-11
WenVen Men's Winter Thicken Cotton Parka Jacket Warm Coat with Removable Hood,$69.99,,,https://www.amazon.com/WenVen-Winter-Thicken-Cotton-Removable/dp/B01IT9OHYS/ref=sr_1_12?dchild=1&keywords=Killer+Formal+Shirt&qid=1613030887&sr=8-12
Dog Formal Tuxedo Suit for Medium Large Dogs，Dog Tuxedo Costume Wedding Party Outfit with Detachable Collar，Elegant Dog Apparel Bowtie Shirt and Bandana Set for Dress-up Cosplay Holiday Wear,$18.94,,,https://www.amazon.com/Dogs%EF%BC%8CDog-Costume-Detachable-Collar%EF%BC%8CElegant-Dress-up/dp/B089Q7PGWZ/ref=sr_1_13?dchild=1&keywords=Killer+Formal+Shirt&qid=1613030887&sr=8-13
WenVen Men's Casual Canvas Cotton Military Lapel Jacket,$56.99,,,https://www.amazon.com/WenVen-Collar-Canvas-Cotton-Military/dp/B079NBWYZ2/ref=sr_1_14?dchild=1&keywords=Killer+Formal+Shirt&qid=1613030887&sr=8-14
Van Heusen Men's Dress Shirt Fitted Poplin Solid,$31.50,,,https://www.amazon.com/Van-Heusen-Fitted-Poplin-Persian/dp/B06XXFVC4J/ref=sr_1_15?dchild=1&keywords=Killer+Formal+Shirt&qid=1613030887&sr=8-15
Fashion 2Pcs/Set Toddler Baby Boys Stars Button-Down Shirt + Casual Shorts with Drawstring Summer Outfit Birthday Clothes,$9.98,,,https://www.amazon.com/Fashion-Toddler-Button-Down-Drawstring-Birthday/dp/B083BV4GF8/ref=sr_1_16?dchild=1&keywords=Killer+Formal+Shirt&qid=1613030887&sr=8-16
Wantdo Women's Waterproof Ski Jacket Warm Winter Snow Coat Windproof Snowboarding Jackets Insulated Parka,$85.97,,,https://www.amazon.com/Wantdo-Womens-Winter-Waterproof-Snowboard/dp/B07WFCF1Z9/ref=sr_1_17?dchild=1&keywords=Killer+Formal+Shirt&qid=1613030887&sr=8-17
Van Heusen Men's Dress Shirt Regular Fit Oxford Solid Buttondown Collar,$19.99,,,https://www.amazon.com/Van-Heusen-Sleeve-Oxford-Dress/dp/B000PHG4L2/ref=sr_1_19?dchild=1&keywords=Killer+Formal+Shirt&qid=1613030887&sr=8-19
Forum Novelties Sequin Furry Black Antenna Bopper Masquerade Ball Costume Headband,$5.79,,,https://www.amazon.com/Forum-Novelties-Sequin-Antenna-Accessory/dp/B005HJ5UMC/ref=sr_1_20?dchild=1&keywords=Killer+Formal+Shirt&qid=1613030887&sr=8-20
Lux Accessories Halloween Black Lace Cat Ear Cosplay Party Costume Accessory Headband,$8.90,,,https://www.amazon.com/Lux-Accessories-Halloween-Accessory-Headband/dp/B07574FW9Y/ref=sr_1_21?dchild=1&keywords=Killer+Formal+Shirt&qid=1613030887&sr=8-21
WenVen Women's Winter Thickened Warm Sherpa Lined Hooded Cotton Jacket,$75.99,,,https://www.amazon.com/WenVen-Womens-Insulated-Thicken-X-Large/dp/B07FRKSCC7/ref=sr_1_22?dchild=1&keywords=Killer+Formal+Shirt&qid=1613030887&sr=8-22
Amazon Brand - Buttoned Down Men's Classic Fit Button Collar Pattern Dress Shirt,$15.05,,,https://www.amazon.com/BUTTONED-Classic-Button-Pattern-Non-Iron/dp/B07BCGMMJJ/ref=sr_1_23?dchild=1&keywords=Killer+Formal+Shirt&qid=1613030887&sr=8-23
SheIn Women's Puff Sleeve Casual Solid Top Pullover Keyhole Back Blouse,$22.99,,,https://www.amazon.com/SheIn-Womens-Casual-Sleeve-Green-2/dp/B07VKRRDC8/ref=sr_1_24?dchild=1&keywords=Killer+Formal+Shirt&qid=1613030887&sr=8-24
RaanPahMuang Brand Long Sleeve Formal Northern Thai Motif Silk Shirt Plus Sized,$19.46,,,https://www.amazon.com/gp/slredirect/picassoRedirect.html/ref=pa_sp_mtf_aps_sr_pg1_1?ie=UTF8&adId=A02588143GLFNR85R25KQ&url=%2FRaan-Pah-Muang-RaanPahMuang-Northern%2Fdp%2FB01H0BIWGK%2Fref%3Dsr_1_25_sspa%3Fdchild%3D1%26keywords%3DKiller%2BFormal%2BShirt%26qid%3D1613030887%26sr%3D8-25-spons%26psc%3D1&qualifier=1613030887&id=8090479174546152&widgetName=sp_mtf
LEFTGU Men's Slim fit Floral Printed Beach Hawaiian Button-Down Dress Shirt,$23.98,,,https://www.amazon.com/gp/slredirect/picassoRedirect.html/ref=pa_sp_mtf_aps_sr_pg1_1?ie=UTF8&adId=A047018718E548A2CLAVG&url=%2FPrinted-Long-Sleeve-Button-Down-Dress-Floral%2Fdp%2FB07KM9W75N%2Fref%3Dsr_1_26_sspa%3Fdchild%3D1%26keywords%3DKiller%2BFormal%2BShirt%26qid%3D1613030887%26sr%3D8-26-spons%26psc%3D1&qualifier=1613030887&id=8090479174546152&widgetName=sp_mtf
LOCALMODE Men's 100% Cotton Long Sleeve Plaid Slim Fit Button Down Dress Shirt,$22.99,,,https://www.amazon.com/gp/slredirect/picassoRedirect.html/ref=pa_sp_mtf_aps_sr_pg1_1?ie=UTF8&adId=A10339242JPNH2QREW00H&url=%2FLOCALMODE-Cotton-Sleeve-Plaid-Button%2Fdp%2FB01EWM8C3S%2Fref%3Dsr_1_27_sspa%3Fdchild%3D1%26keywords%3DKiller%2BFormal%2BShirt%26qid%3D1613030887%26sr%3D8-27-spons%26psc%3D1&qualifier=1613030887&id=8090479174546152&widgetName=sp_mtf
Harriton Men's Long Sleeve Denim Shirt,$16.94,,,https://www.amazon.com/MENS-6-5-DENIM-SHIRT-DARK/dp/B006HT398I/ref=sr_1_28?dchild=1&keywords=Killer+Formal+Shirt&qid=1613030887&sr=8-28
ZEROYAA Men's Nightclub Shiny Golden 3D Rose Printed Slim Fit Button Down Party Dress Shirt,$26.95,,,https://www.amazon.com/ZEROYAA-Hipster-Sleeve-Silver-X-Large/dp/B083PXMFQR/ref=sr_1_29?dchild=1&keywords=Killer+Formal+Shirt&qid=1613030887&sr=8-29
Olgaa 6 Pairs Kids Costume Gloves Cotton White Gloves for Costume Party Halloween Accessory,$10.99,,,https://www.amazon.com/Olgaa-Costume-Gloves-Halloween-Accessory/dp/B07XR6B13X/ref=sr_1_30?dchild=1&keywords=Killer+Formal+Shirt&qid=1613030887&sr=8-30
Lux Accessories GoldTone Christmas Holiday Accessories Gift Bow Cat Ear Headband,$8.85,,,https://www.amazon.com/Lux-Accessories-GoldTone-Christmas-Headband/dp/B078MRSZGC/ref=sr_1_31?dchild=1&keywords=Killer+Formal+Shirt&qid=1613030887&sr=8-31
Amazon Essentials Men's Standard Full-Zip Hooded Fleece Sweatshirt,$19.00,,,https://www.amazon.com/Amazon-Essentials-Full-Zip-Sweatshirt-Heather/dp/B075JV8PR4/ref=sr_1_32?dchild=1&keywords=Killer+Formal+Shirt&qid=1613030887&sr=8-32
"Child Nylon Gloves Formal Gloves White Dress Gloves for Kids Costume Gloves Art Show, Uniform Party, White",$9.99,,,https://www.amazon.com/Pairs-Costume-Gloves-Cotton-Formal/dp/B07TQ6BZDL/ref=sr_1_33?dchild=1&keywords=Killer+Formal+Shirt&qid=1613030887&sr=8-33
Wilson Traditional Soccer Ball,$18.99,,,https://www.amazon.com/Wilson-Traditional-Soccer-Ball-Size/dp/B000L2DSLK/ref=sr_1_34?dchild=1&keywords=Killer+Formal+Shirt&qid=1613030887&sr=8-34
Morphsuits Kids Zalgo Urban Legend Halloween Costume,$39.94,,,https://www.amazon.com/Morphsuits-Zalgo-Monster-Legend-Costume/dp/B00W93H2R0/ref=sr_1_35?dchild=1&keywords=Killer+Formal+Shirt&qid=1613030887&sr=8-35
Lux Accessories Red Christmas Holiday Accessories Gift Bow Cat Ear Headband,$8.85,,,https://www.amazon.com/Lux-Accessories-Christmas-Holiday-Headband/dp/B078MTVGRL/ref=sr_1_36?dchild=1&keywords=Killer+Formal+Shirt&qid=1613030887&sr=8-36
MINHAO Men's Gym 2 in 1 Shorts Slim Fit Workout Bodybuilding Shorts with 4 Pockets,$19.99,,,https://www.amazon.com/MINHAO-Shorts-Workout-Bodybuilding-Pockets/dp/B07T6XHWVV/ref=sr_1_37?dchild=1&keywords=Killer+Formal+Shirt&qid=1613030887&sr=8-37
Wantdo Men's Winter Thicken Cotton Jacket Warm Outwear Coat,$51.97,,,https://www.amazon.com/Wantdo-Winter-Hooded-Cotton-Outwear/dp/B00OZ1AANW/ref=sr_1_38?dchild=1&keywords=Killer+Formal+Shirt&qid=1613030887&sr=8-38
Amazon Brand - Buttoned Down Men's Classic Fit Spread Collar Pattern Dress Shirt,$35.99,,,https://www.amazon.com/BUTTONED-Classic-Spread-Pattern-Non-Iron/dp/B07BCHQHCM/ref=sr_1_39?dchild=1&keywords=Killer+Formal+Shirt&qid=1613030887&sr=8-39
Wantdo Men's Winter Fleece Lined Jacket Cotton Outwear Coat,$49.97,,,https://www.amazon.com/Wantdo-Cotton-Collar-Jacket-Fleece/dp/B071NM8R4F/ref=sr_1_40?dchild=1&keywords=Killer+Formal+Shirt&qid=1613030887&sr=8-40
"Natural Shoe Deodorizer Spray, Foot Deodorant Spray, Foot Odor Eliminator for All Shoes - Fights Athletes Foot & Stinky Feet - Tea Tree Oil, Peppermint, Spray Better Than Powder, Sneaker Balls - 4 Oz",$12.95,,,https://www.amazon.com/Natural-Deodorizer-Eliminator-Spray-Shoes/dp/B072Q1KRSR/ref=sr_1_41?dchild=1&keywords=Killer+Formal+Shirt&qid=1613030887&sr=8-41
WenVen Women's Winter Long Hooded Sherpa Lined Parka Jacket Warm Coat,$74.99,,,https://www.amazon.com/WenVen-Womens-Winter-Vintage-Length/dp/B07433SLDF/ref=sr_1_42?dchild=1&keywords=Killer+Formal+Shirt&qid=1613030887&sr=8-42
Allegra K Women's Notched Lapel Double Breasted Plaid Work Formal Blazer Jacket,$49.99,,,https://www.amazon.com/Allegra-Womens-Notched-Double-Breasted/dp/B07H28T6MY/ref=sr_1_43?dchild=1&keywords=Killer+Formal+Shirt&qid=1613030887&sr=8-43
BEAGIMEG Women's Sexy Elegant One Shoulder Backless Evening Long Dress,$39.99,,,https://www.amazon.com/BEAGIMEG-Elegant-Shoulder-Backless-Evening/dp/B07CNY7LSP/ref=sr_1_44?dchild=1&keywords=Killer+Formal+Shirt&qid=1613030887&sr=8-44
Romwe Women's See Through Mesh Long Sleeve Stretch Bodycon Dress Without Camisole,$23.99,,,https://www.amazon.com/Romwe-Womens-Through-Stretch-Bodycon/dp/B07KVGLK7M/ref=sr_1_45?dchild=1&keywords=Killer+Formal+Shirt&qid=1613030887&sr=8-45
WenVen Women's Cotton Versatile Military Anorak Hooded Jacket Trench Coat,$47.99,,,https://www.amazon.com/WenVen-Womens-Military-Washed-Utility/dp/B078HMXRPB/ref=sr_1_46?dchild=1&keywords=Killer+Formal+Shirt&qid=1613030887&sr=8-46
RiptGear Wide Headbands for Women - Workout Headbands for Yoga Running and Gym - Cute Thick Non-Slip Sweat Bands,$14.95,,,https://www.amazon.com/RiptGear-Headband-2Pack-Purple-Striped/dp/B010FWMJEC/ref=sr_1_48?dchild=1&keywords=Killer+Formal+Shirt&qid=1613030887&sr=8-48
"Beistle Deluxe Theatrical Gloves 1 Pair Awards Night Party Supplies Costume Accessory, White",$7.43,,,https://www.amazon.com/Deluxe-Theatrical-Gloves-white-Accessory/dp/B000R4N09W/ref=sr_1_49?dchild=1&keywords=Killer+Formal+Shirt&qid=1613030887&sr=8-49
WenVen Men's Hooded Warm Coat Winter Parka Jacket,$69.99,,,https://www.amazon.com/WenVen-Hooded-Winter-Parka-Jacket/dp/B0719JF8HD/ref=sr_1_50?dchild=1&keywords=Killer+Formal+Shirt&qid=1613030887&sr=8-50
"NIBIRU SPORT Ping Pong Paddle Set (4-Player Bundle), Pro Premium Rackets, 3 Star Balls, Portable Storage Case, Complete Table Tennis Set with Advanced Speed, Control and Spin, Indoor or Outdoor Play",$37.69,,,https://www.amazon.com/4-Player-Paddles-Convenient-Tournament-Advanced/dp/B075D6TK2Z/ref=sr_1_51?dchild=1&keywords=Killer+Formal+Shirt&qid=1613030887&sr=8-51
COOFANDY Mens Floral Rose Printed Long Sleeve Dress Shirts Prom Wedding Party Button Down Shirts,$28.99,,,https://www.amazon.com/gp/slredirect/picassoRedirect.html/ref=pa_sp_btf_aps_sr_pg1_1?ie=UTF8&adId=A00462671BVSOHTOEMVF&url=%2FCOOFANDY-Sleeve-Luxury-Printed-X-Large%2Fdp%2FB07KQ31NC9%2Fref%3Dsr_1_52_sspa%3Fdchild%3D1%26keywords%3DKiller%2BFormal%2BShirt%26qid%3D1613030887%26sr%3D8-52-spons%26psc%3D1&qualifier=1613030887&id=8090479174546152&widgetName=sp_btf
Luxe Microfiber Men’s Fitted Spread Collar Dress Shirt - Style Jesse,$25.60,,,https://www.amazon.com/gp/slredirect/picassoRedirect.html/ref=pa_sp_btf_aps_sr_pg1_1?ie=UTF8&adId=A0307337444QU5R8F3WK&url=%2FLuxe-Microfiber-Fitted-Spread-Collar%2Fdp%2FB079Q49DFT%2Fref%3Dsr_1_53_sspa%3Fdchild%3D1%26keywords%3DKiller%2BFormal%2BShirt%26qid%3D1613030887%26sr%3D8-53-spons%26psc%3D1&qualifier=1613030887&id=8090479174546152&widgetName=sp_btf
COOFANDY Men's Floral Dress Shirt Slim Fit Casual Paisley Printed Shirt Long Sleeve Button Down Shirts,$27.99,,,https://www.amazon.com/gp/slredirect/picassoRedirect.html/ref=pa_sp_btf_aps_sr_pg1_1?ie=UTF8&adId=A07982441QB885J2TX8MR&url=%2FCOOFANDY-Floral-Paisley-Printed-X-Large%2Fdp%2FB07HHYV9WJ%2Fref%3Dsr_1_54_sspa%3Fdchild%3D1%26keywords%3DKiller%2BFormal%2BShirt%26qid%3D1613030887%26sr%3D8-54-spons%26psc%3D1&qualifier=1613030887&id=8090479174546152&widgetName=sp_btf
